EmployeeKey,FirstName,LastName,MiddleName,HireDate,BirthDate,EmailAddress,Phone,MaritalStatus,EmergencyContactName,EmergencyContactPhone,SalariedFlag,Gender,PayFrequency,BaseRate,VacationHours,SickLeaveHours,CurrentFlag,SalesPersonFlag,DepartmentName,StartDate,EndDate,Status
1,Guy,Gilbert,R,1/28/2006,11/12/1981,guy1@adventure-works.com,320-555-0195,M,Guy Gilbert,320-555-0195,0,M,1,12.45,21,30,1,0,Production,1/28/2006,NULL,Current
2,Kevin,Brown,F,8/26/2006,12/1/1986,kevin0@adventure-works.com,150-555-0189,S,Kevin Brown,150-555-0189,0,M,2,13.4615,42,41,1,0,Marketing,8/26/2006,NULL,Current
3,Roberto,Tamburello,NULL,6/11/2007,6/12/1974,roberto0@adventure-works.com,212-555-0187,M,Roberto Tamburello,212-555-0187,1,M,2,43.2692,2,21,1,0,Engineering,6/11/2007,NULL,Current
4,Rob,Walters,NULL,7/5/2007,7/23/1974,rob0@adventure-works.com,612-555-0100,S,Rob Walters,612-555-0100,0,M,2,29.8462,48,80,1,0,Tool Design,7/5/2007,12/28/2009,NULL
5,Rob,Walters,NULL,7/5/2007,7/23/1974,rob0@adventure-works.com,612-555-0100,S,Rob Walters,612-555-0100,0,M,2,29.8462,48,80,1,0,Tool Design,12/28/2009,NULL,Current
6,Thierry,D'Hers,B,7/11/2007,2/26/1959,thierry0@adventure-works.com,168-555-0183,M,Thierry D'Hers,168-555-0183,0,M,2,25,9,24,1,0,Tool Design,7/11/2007,NULL,Current
7,David,Bradley,M,7/20/2007,10/17/1974,david0@adventure-works.com,913-555-0172,S,David Bradley,913-555-0172,1,M,2,37.5,40,40,1,0,Marketing,7/20/2007,2/11/2009,NULL
8,David,Bradley,M,7/20/2007,10/17/1974,david0@adventure-works.com,913-555-0172,S,David Bradley,913-555-0172,1,M,2,37.5,40,40,1,0,Marketing,2/12/2009,NULL,Current
9,JoLynn,Dobney,M,7/26/2007,8/16/1955,jolynn0@adventure-works.com,903-555-0145,S,JoLynn Dobney,903-555-0145,0,F,2,25,82,61,1,0,Production,7/26/2007,NULL,Current
10,Ruth,Ellerbrock,Ann,8/6/2007,1/3/1956,ruth0@adventure-works.com,145-555-0130,M,Ruth Ellerbrock,145-555-0130,0,F,1,13.45,83,61,1,0,Production,8/6/2007,NULL,Current
11,Gail,Erickson,A,8/6/2007,4/27/1952,gail0@adventure-works.com,849-555-0139,M,Gail Erickson,849-555-0139,1,F,2,32.6923,5,22,1,0,Engineering,8/6/2007,NULL,Current
12,Barry,Johnson,K,8/7/2007,10/25/1955,barry0@adventure-works.com,206-555-0180,S,Barry Johnson,206-555-0180,0,M,1,13.45,88,64,1,0,Production,8/7/2007,NULL,Current
13,Jossef,Goldberg,H,8/24/2007,10/9/1958,jossef0@adventure-works.com,122-555-0189,M,Jossef Goldberg,122-555-0189,1,M,2,32.6923,6,23,1,0,Engineering,8/24/2007,NULL,Current
14,Terri,Duffy,Lee,8/31/2007,3/1/1971,terri0@adventure-works.com,819-555-0175,S,Terri Duffy,819-555-0175,1,F,2,63.4615,1,20,1,0,Engineering,8/31/2007,NULL,Current
15,Sidney,Higa,M,9/2/2007,3/30/1956,sidney0@adventure-works.com,424-555-0189,M,Sidney Higa,424-555-0189,0,M,1,13.45,84,62,1,0,Production,9/2/2007,NULL,Current
16,Taylor,Maxwell,R,9/8/2007,10/31/1955,taylor0@adventure-works.com,508-555-0165,M,Taylor Maxwell,508-555-0165,0,M,2,25,79,59,1,0,Production,9/8/2007,NULL,Current
17,Jeffrey,Ford,L,9/20/2007,2/9/1956,jeffrey0@adventure-works.com,984-555-0185,S,Jeffrey Ford,984-555-0185,0,M,1,13.45,85,62,1,0,Production,9/20/2007,NULL,Current
18,Jo,Brown,A,9/27/2007,5/8/1956,jo0@adventure-works.com,632-555-0129,S,Jo Brown,632-555-0129,0,F,2,25,80,60,1,0,Production,9/27/2007,NULL,Current
19,Doris,Hartwig,M,10/9/2007,11/3/1955,doris0@adventure-works.com,328-555-0150,M,Doris Hartwig,328-555-0150,0,F,1,13.45,86,63,1,0,Production,10/9/2007,NULL,Current
20,John,Campbell,T,10/16/2007,3/7/1956,john0@adventure-works.com,435-555-0113,M,John Campbell,435-555-0113,0,M,2,25,81,60,1,0,Production,10/16/2007,NULL,Current
21,Diane,Glimp,R,10/27/2007,10/28/1955,diane0@adventure-works.com,202-555-0151,M,Diane Glimp,202-555-0151,0,F,1,13.45,87,63,1,0,Production,10/27/2007,NULL,Current
22,Steven,Selikoff,T,7/1/2008,12/12/1976,steven0@adventure-works.com,925-555-0114,M,Steven Selikoff,925-555-0114,0,M,1,9.5,41,40,1,0,Production,7/1/2008,NULL,Current
23,Peter,Krebs,J,7/1/2008,6/3/1982,peter0@adventure-works.com,913-555-0196,M,Peter Krebs,913-555-0196,1,M,2,24.5192,43,41,1,0,Production Control,7/1/2008,NULL,Current
24,Stuart,Munson,V,7/2/2008,4/13/1962,stuart0@adventure-works.com,413-555-0136,S,Stuart Munson,413-555-0136,0,M,1,10,84,62,1,0,Production,7/2/2008,NULL,Current
25,Greg,Alderson,F,7/2/2008,11/15/1975,greg0@adventure-works.com,332-555-0150,S,Greg Alderson,332-555-0150,0,M,1,10,85,62,1,0,Production,7/2/2008,NULL,Current
26,David,Johnson,N,7/2/2008,6/2/1979,david1@adventure-works.com,166-555-0162,S,David Johnson,166-555-0162,0,M,1,9.5,25,32,1,0,Production,7/2/2008,NULL,Current
27,Zheng,Mu,W,7/3/2008,5/26/1983,zheng0@adventure-works.com,113-555-0173,S,Zheng Mu,113-555-0173,0,M,2,25,66,53,1,0,Production,7/3/2008,NULL,Current
28,Ivo,Salmre,William,7/4/2008,8/3/1981,ivo0@adventure-works.com,115-555-0179,M,Ivo Salmre,115-555-0179,0,M,1,14,9,24,1,0,Production,7/4/2008,NULL,Current
29,Paul,Komosinski,B,7/4/2008,6/13/1980,paul0@adventure-works.com,147-555-0160,S,Paul Komosinski,147-555-0160,0,M,1,15,68,54,1,0,Production,7/4/2008,NULL,Current
30,Ashvini,Sharma,R,7/4/2008,10/25/1976,ashvini0@adventure-works.com,656-555-0119,S,Ashvini Sharma,656-555-0119,0,M,2,32.4519,70,55,1,0,Information Services,7/4/2008,NULL,Current
31,Kendall,Keil,C,7/5/2008,12/28/1985,kendall0@adventure-works.com,138-555-0128,M,Kendall Keil,138-555-0128,0,M,1,11,11,25,1,0,Production,7/5/2008,NULL,Current
32,Paula,Barreto de Mattos,M,7/6/2008,9/11/1975,paula0@adventure-works.com,523-555-0175,M,Paula Barreto de Mattos,523-555-0175,1,F,2,27.1394,54,47,1,0,Human Resources,7/6/2008,NULL,Current
33,Alejandro,McGuel,E,7/6/2008,7/5/1988,alejandro0@adventure-works.com,668-555-0130,S,Alejandro McGuel,668-555-0130,0,M,1,15,52,46,1,0,Production,7/6/2008,NULL,Current
34,Garrett,Young,R,7/7/2008,3/25/1984,garrett0@adventure-works.com,609-555-0179,S,Garrett Young,609-555-0179,0,M,1,9.5,34,37,1,0,Production,7/7/2008,NULL,Current
35,Jian Shuo,Wang,NULL,7/7/2008,2/24/1983,jianshuo0@adventure-works.com,952-555-0178,S,Jian Shuo Wang,952-555-0178,0,M,1,9.5,36,38,1,0,Production,7/7/2008,NULL,Current
36,Susan,Eaton,W,7/7/2008,9/17/1977,susan0@adventure-works.com,943-555-0196,S,Susan Eaton,943-555-0196,0,F,1,9,97,68,1,0,Shipping and Receiving,7/7/2008,NULL,Current
37,Vamsi,Kuppa,N,7/7/2008,10/16/1976,vamsi0@adventure-works.com,937-555-0137,M,Vamsi Kuppa,937-555-0137,0,M,2,9.5,95,67,1,0,Shipping and Receiving,7/7/2008,NULL,Current
38,Alice,Ciccu,O,7/7/2008,8/26/1977,alice0@adventure-works.com,333-555-0173,M,Alice Ciccu,333-555-0173,0,F,1,11,95,67,1,0,Production,7/7/2008,NULL,Current
39,Simon,Rapier,D,7/8/2008,12/15/1989,simon0@adventure-works.com,963-555-0134,S,Simon Rapier,963-555-0134,0,M,1,12.45,38,39,1,0,Production,7/8/2008,NULL,Current
40,Jinghao,Liu,K,7/8/2008,9/5/1988,jinghao0@adventure-works.com,794-555-0159,S,Jinghao Liu,794-555-0159,0,M,2,25,77,58,1,0,Production,7/8/2008,NULL,Current
41,Michael,Hines,T,7/9/2008,12/15/1989,michael0@adventure-works.com,218-555-0126,S,Michael Hines,218-555-0126,0,M,1,14,20,30,1,0,Production,7/9/2008,NULL,Current
42,Yvonne,McKay,S,7/9/2008,11/13/1988,yvonne0@adventure-works.com,286-555-0189,M,Yvonne McKay,286-555-0189,0,F,1,10,79,59,1,0,Production,7/9/2008,NULL,Current
43,Peng,Wu,J,7/9/2008,10/17/1975,peng0@adventure-works.com,164-555-0164,M,Peng Wu,164-555-0164,1,M,2,21.6346,81,60,1,0,Quality Assurance,7/9/2008,NULL,Current
44,Jean,Trenary,E,7/11/2008,7/13/1975,jean0@adventure-works.com,685-555-0120,S,Jean Trenary,685-555-0120,1,F,2,50.4808,65,52,1,0,Information Services,7/11/2008,NULL,Current
45,Russell,Hunter,NULL,7/12/2008,6/25/1972,russell0@adventure-works.com,786-555-0144,M,Russell Hunter,786-555-0144,0,M,1,11,6,23,1,0,Production,7/12/2008,NULL,Current
46,A. Scott,Wright,NULL,7/12/2008,4/17/1968,ascott0@adventure-works.com,992-555-0194,S,A. Scott Wright,992-555-0194,0,M,2,23.5577,44,42,1,0,Production Control,7/12/2008,NULL,Current
47,Fred,Northup,T,7/12/2008,1/23/1989,fred0@adventure-works.com,818-555-0192,S,Fred Northup,818-555-0192,0,M,1,15,47,43,1,0,Production,7/12/2008,NULL,Current
48,Sariya,Harnpadoungsataya,E,7/12/2008,12/19/1986,sariya0@adventure-works.com,399-555-0176,S,Sariya Harnpadoungsataya,399-555-0176,0,M,2,14.4231,45,42,1,0,Marketing,7/12/2008,NULL,Current
49,Willis,Johnson,T,7/13/2008,2/15/1978,willis0@adventure-works.com,778-555-0141,S,Willis Johnson,778-555-0141,0,M,2,18.2692,49,44,1,0,Human Resources,7/13/2008,NULL,Current
50,Jun,Cao,T,7/14/2008,2/3/1979,jun0@adventure-works.com,299-555-0113,S,Jun Cao,299-555-0113,0,M,1,11,90,65,1,0,Production,7/14/2008,NULL,Current
51,Christian,Kleinerman,E,7/14/2008,8/18/1975,christian0@adventure-works.com,846-555-0157,M,Christian Kleinerman,846-555-0157,1,M,2,20.4327,92,66,1,0,Facilities and Maintenance,7/14/2008,NULL,Current
52,Susan,Metters,A,7/14/2008,10/31/1982,susan1@adventure-works.com,639-555-0164,S,Susan Metters,639-555-0164,0,F,1,9.5,31,35,1,0,Production,7/14/2008,NULL,Current
53,Reuben,D'sa,H,7/15/2008,3/27/1987,reuben0@adventure-works.com,191-555-0112,M,Reuben D'sa,191-555-0112,0,M,2,25,72,56,1,0,Production,7/15/2008,NULL,Current
54,Kirk,Koenigsbauer,J,7/15/2008,9/6/1984,kirk0@adventure-works.com,669-555-0150,S,Kirk Koenigsbauer,669-555-0150,0,M,1,10,74,57,1,0,Production,7/15/2008,NULL,Current
55,David,Ortiz,J,7/15/2008,7/29/1984,david2@adventure-works.com,712-555-0119,M,David Ortiz,712-555-0119,0,M,1,12.45,33,36,1,0,Production,7/15/2008,NULL,Current
56,Tengiz,Kharatishvili,N,7/16/2008,11/26/1989,tengiz0@adventure-works.com,910-555-0116,S,Tengiz Kharatishvili,910-555-0116,0,M,2,16.8269,76,58,1,0,Document Control,7/16/2008,NULL,Current
57,Hanying,Feng,P,7/16/2008,5/16/1974,hanying0@adventure-works.com,319-555-0139,S,Hanying Feng,319-555-0139,0,M,1,14,15,27,1,0,Production,7/16/2008,NULL,Current
58,Kevin,Liu,H,7/17/2008,7/25/1985,kevin1@adventure-works.com,714-555-0138,S,Kevin Liu,714-555-0138,0,M,1,15,58,49,1,0,Production,7/17/2008,NULL,Current
59,Annik,Stahl,O,7/17/2008,7/26/1976,annik0@adventure-works.com,499-555-0125,M,Annik Stahl,499-555-0125,0,M,1,12.45,17,28,1,0,Production,7/17/2008,NULL,Current
60,Suroor,Fatima,R,7/17/2008,9/25/1977,suroor0@adventure-works.com,932-555-0161,S,Suroor Fatima,932-555-0161,0,M,1,11,93,66,1,0,Production,7/17/2008,NULL,Current
61,Deborah,Poe,E,7/18/2008,10/5/1975,deborah0@adventure-works.com,602-555-0194,M,Deborah Poe,602-555-0194,0,F,2,19,60,50,1,0,Finance,7/18/2008,NULL,Current
62,Jim,Scardelis,H,7/19/2008,4/8/1986,jim0@adventure-works.com,679-555-0113,M,Jim Scardelis,679-555-0113,0,M,1,11,1,20,1,0,Production,7/19/2008,NULL,Current
63,Carole,Poland,M,7/19/2008,5/19/1983,carole0@adventure-works.com,688-555-0192,M,Carole Poland,688-555-0192,0,F,1,9.5,42,41,1,0,Production,7/19/2008,NULL,Current
64,George,Li,Z,7/21/2008,11/14/1976,george0@adventure-works.com,518-555-0199,M,George Li,518-555-0199,0,M,1,9.5,26,33,1,0,Production,7/21/2008,NULL,Current
65,Gary,Yukish,W,7/22/2008,12/15/1987,gary0@adventure-works.com,901-555-0125,S,Gary Yukish,901-555-0125,0,M,1,15,69,54,1,0,Production,7/22/2008,NULL,Current
66,Cristian,Petculescu,K,7/22/2008,11/10/1983,cristian0@adventure-works.com,434-555-0133,M,Cristian Petculescu,434-555-0133,0,M,2,25,67,53,1,0,Production,7/22/2008,NULL,Current
67,Raymond,Sam,K,7/23/2008,9/30/1966,raymond0@adventure-works.com,226-555-0197,M,Raymond Sam,226-555-0197,0,M,1,14,10,25,1,0,Production,7/23/2008,NULL,Current
68,Janaina,Bueno,Barreiro Gambaro,7/23/2008,8/30/1984,janaina0@adventure-works.com,623-555-0155,M,Janaina Bueno,623-555-0155,1,F,2,27.4038,71,55,1,0,Information Services,7/23/2008,NULL,Current
69,Bob,Hohman,N,7/24/2008,3/16/1979,bob0@adventure-works.com,611-555-0116,S,Bob Hohman,611-555-0116,0,M,1,11,12,26,1,0,Production,7/24/2008,NULL,Current
70,Shammi,Mohamed,G,7/24/2008,5/4/1980,shammi0@adventure-works.com,793-555-0179,M,Shammi Mohamed,793-555-0179,0,M,1,15,53,46,1,0,Production,7/24/2008,NULL,Current
71,Linda,Moschell,K,7/25/2008,2/14/1987,linda0@adventure-works.com,612-555-0171,M,Linda Moschell,612-555-0171,0,F,1,11,96,68,1,0,Production,7/25/2008,NULL,Current
72,Mindy,Martin,C,7/25/2008,6/20/1984,mindy0@adventure-works.com,522-555-0147,M,Mindy Martin,522-555-0147,0,F,2,16.5865,51,45,1,0,Human Resources,7/25/2008,NULL,Current
73,Wendy,Kahn,Beth,7/25/2008,5/11/1984,wendy0@adventure-works.com,248-555-0134,S,Wendy Kahn,248-555-0134,1,F,2,43.2692,55,47,1,0,Finance,7/25/2008,NULL,Current
74,Kim,Ralls,T,7/26/2008,11/29/1983,kim0@adventure-works.com,309-555-0129,S,Kim Ralls,309-555-0129,0,F,1,9,98,69,1,0,Shipping and Receiving,7/26/2008,NULL,Current
75,Sandra,Reátegui Alayo,NULL,7/26/2008,6/5/1975,sandra0@adventure-works.com,896-555-0168,M,Sandra Reátegui Alayo,896-555-0168,0,F,1,9.5,37,38,1,0,Production,7/26/2008,NULL,Current
76,Kok-Ho,Loh,T,7/27/2008,11/27/1979,kok-ho0@adventure-works.com,999-555-0155,S,Kok-Ho Loh,999-555-0155,0,M,2,25,78,59,1,0,Production,7/27/2008,NULL,Current
77,Douglas,Hite,B,7/27/2008,6/24/1985,douglas0@adventure-works.com,808-555-0172,M,Douglas Hite,808-555-0172,0,M,1,10,80,60,1,0,Production,7/27/2008,NULL,Current
78,James,Kramer,D,7/27/2008,2/23/1984,james0@adventure-works.com,119-555-0117,M,James Kramer,119-555-0117,0,M,1,12.45,39,39,1,0,Production,7/27/2008,NULL,Current
79,Sean,Alexander,P,7/28/2008,10/5/1975,sean0@adventure-works.com,420-555-0173,S,Sean Alexander,420-555-0173,0,M,2,10.5769,82,61,1,0,Quality Assurance,7/28/2008,NULL,Current
80,Nitin,Mirchandani,S,7/28/2008,7/1/1986,nitin0@adventure-works.com,143-555-0173,S,Nitin Mirchandani,143-555-0173,0,M,1,14,21,30,1,0,Production,7/28/2008,NULL,Current
81,Diane,Margheim,L,7/29/2008,1/3/1986,diane1@adventure-works.com,815-555-0138,S,Diane Margheim,815-555-0138,1,F,2,40.8654,62,51,1,0,Research and Development,7/29/2008,NULL,Current
82,Rebecca,Laszlo,A,7/29/2008,2/4/1988,rebecca0@adventure-works.com,314-555-0113,M,Rebecca Laszlo,314-555-0113,0,F,1,12.45,23,31,1,0,Production,7/29/2008,NULL,Current
83,Rajesh,Patel,M,7/31/2008,5/4/1977,rajesh0@adventure-works.com,373-555-0137,M,Rajesh Patel,373-555-0137,0,M,1,15,48,44,1,0,Production,7/31/2008,NULL,Current
84,Vidur,Luthra,X,8/1/2008,3/1/1984,vidur0@adventure-works.com,153-555-0186,S,Vidur Luthra,153-555-0186,0,M,2,18.2692,50,45,1,0,Human Resources,8/1/2008,NULL,Current
85,John,Evans,P,8/1/2008,12/29/1977,john1@adventure-works.com,172-555-0130,S,John Evans,172-555-0130,0,M,1,11,91,65,1,0,Production,8/1/2008,NULL,Current
86,Nancy,Anderson,A,8/2/2008,6/19/1988,nancy0@adventure-works.com,970-555-0118,M,Nancy Anderson,970-555-0118,0,F,1,12.45,34,37,1,0,Production,8/2/2008,NULL,Current
87,Pilar,Ackerman,G,8/2/2008,4/9/1972,pilar0@adventure-works.com,577-555-0185,S,Pilar Ackerman,577-555-0185,1,M,2,19.2308,93,66,1,0,Shipping and Receiving,8/2/2008,NULL,Current
88,David,Yalovsky,A,8/2/2008,3/3/1981,david3@adventure-works.com,373-555-0142,S,David Yalovsky,373-555-0142,0,M,1,9.5,32,36,1,0,Production,8/2/2008,NULL,Current
89,David,Hamilton,P,8/3/2008,1/30/1983,david4@adventure-works.com,986-555-0177,S,David Hamilton,986-555-0177,0,M,2,25,73,56,1,0,Production,8/3/2008,NULL,Current
90,Laura,Steele,C,8/3/2008,7/25/1980,laura0@adventure-works.com,777-555-0141,S,Laura Steele,777-555-0141,0,F,1,10,75,57,1,0,Production,8/3/2008,NULL,Current
91,Margie,Shoop,W,8/4/2008,12/18/1985,margie0@adventure-works.com,818-555-0128,M,Margie Shoop,818-555-0128,0,F,1,12.45,18,29,1,0,Production,8/4/2008,NULL,Current
92,Zainal,Arifin,T,8/4/2008,8/30/1975,zainal0@adventure-works.com,204-555-0115,M,Zainal Arifin,204-555-0115,0,M,2,17.7885,77,58,1,0,Document Control,8/4/2008,NULL,Current
93,Lorraine,Nay,O,8/4/2008,6/26/1988,lorraine0@adventure-works.com,845-555-0184,M,Lorraine Nay,845-555-0184,0,F,1,15,49,44,1,0,Production,8/4/2008,NULL,Current
94,Fadi,Fakhouri,K,8/4/2008,9/15/1988,fadi0@adventure-works.com,935-555-0116,S,Fadi Fakhouri,935-555-0116,0,M,1,14,16,28,1,0,Production,8/4/2008,NULL,Current
95,Ryan,Cornelsen,L,8/5/2008,1/12/1972,ryan0@adventure-works.com,208-555-0114,M,Ryan Cornelsen,208-555-0114,0,M,1,15,59,49,1,0,Production,8/5/2008,NULL,Current
96,Candy,Spoon,L,8/6/2008,9/23/1975,candy0@adventure-works.com,920-555-0177,S,Candy Spoon,920-555-0177,0,F,2,19,61,50,1,0,Finance,8/6/2008,NULL,Current
97,Nuan,Yu,NULL,8/6/2008,10/27/1978,nuan0@adventure-works.com,913-555-0184,S,Nuan Yu,913-555-0184,0,M,1,11,2,21,1,0,Production,8/6/2008,NULL,Current
98,William,Vong,S,8/7/2008,6/6/1981,william0@adventure-works.com,148-555-0145,M,William Vong,148-555-0145,0,M,2,16,45,42,1,0,Production Control,8/7/2008,3/31/2011,NULL
99,William,Vong,S,8/7/2008,6/6/1981,william0@adventure-works.com,148-555-0145,M,William Vong,148-555-0145,0,M,2,16,45,42,1,0,Production Control,4/1/2011,NULL,Current
100,Bjorn,Rettig,M,8/7/2008,6/6/1989,bjorn0@adventure-works.com,199-555-0117,S,Bjorn Rettig,199-555-0117,0,M,1,9.5,43,41,1,0,Production,8/7/2008,NULL,Current
101,Scott,Gode,R,8/8/2008,9/10/1986,scott0@adventure-works.com,391-555-0138,M,Scott Gode,391-555-0138,0,M,1,10,86,63,1,0,Production,8/8/2008,NULL,Current
102,Michael,Rothkugel,L,8/10/2008,8/4/1990,michael1@adventure-works.com,454-555-0119,S,Michael Rothkugel,454-555-0119,0,M,1,15,70,55,1,0,Production,8/10/2008,NULL,Current
103,Lane,Sacksteder,M,8/11/2008,4/23/1974,lane0@adventure-works.com,200-555-0117,M,Lane Sacksteder,200-555-0117,0,M,1,14,11,25,1,0,Production,8/11/2008,NULL,Current
104,Pete,Male,C,8/11/2008,9/3/1976,pete0@adventure-works.com,768-555-0123,S,Pete Male,768-555-0123,0,M,1,11,13,26,1,0,Production,8/11/2008,NULL,Current
105,Dan,Bacon,K,8/11/2008,1/24/1981,dan0@adventure-works.com,166-555-0159,M,Dan Bacon,166-555-0159,1,M,2,27.4038,72,56,1,0,Information Services,8/11/2008,NULL,Current
106,David,Barber,M,8/12/2008,1/20/1964,david5@adventure-works.com,477-555-0132,S,David Barber,477-555-0132,0,M,2,13.4615,56,48,1,0,Finance,8/12/2008,NULL,Current
107,Lolan,Song,B,8/12/2008,8/24/1972,lolan0@adventure-works.com,582-555-0178,M,Lolan Song,582-555-0178,0,M,1,11,7,23,1,0,Production,8/12/2008,NULL,Current
108,Paula,Nartker,R,8/12/2008,9/10/1986,paula1@adventure-works.com,476-555-0119,M,Paula Nartker,476-555-0119,0,F,1,15,54,47,1,0,Production,8/12/2008,NULL,Current
109,Mary,Gibson,E,8/12/2008,4/13/1962,mary0@adventure-works.com,531-555-0183,M,Mary Gibson,531-555-0183,0,F,2,14.4231,46,43,1,0,Marketing,8/12/2008,NULL,Current
110,Mindaugas,Krapauskas,J,8/13/2008,12/5/1977,mindaugas0@adventure-works.com,637-555-0120,M,Mindaugas Krapauskas,637-555-0120,0,M,1,11,97,68,1,0,Production,8/13/2008,NULL,Current
111,Eric,Gubbels,NULL,8/14/2008,8/19/1984,eric0@adventure-works.com,260-555-0119,M,Eric Gubbels,260-555-0119,0,M,2,25,40,40,1,0,Production,8/14/2008,NULL,Current
112,Ken,Sánchez,J,8/14/2008,8/29/1968,ken0@adventure-works.com,697-555-0142,S,Ken Sánchez,697-555-0142,1,M,2,125.5,99,69,1,0,Executive,8/14/2008,NULL,Current
113,Jason,Watters,M,8/14/2008,7/7/1988,jason0@adventure-works.com,571-555-0179,S,Jason Watters,571-555-0179,0,M,1,9.5,38,39,1,0,Production,8/14/2008,NULL,Current
114,Mark,Harrington,L,8/15/2008,11/28/1985,mark0@adventure-works.com,147-555-0179,S,Mark Harrington,147-555-0179,0,M,2,10.5769,83,61,1,0,Quality Assurance,8/15/2008,NULL,Current
115,Janeth,Esteves,M,8/15/2008,2/22/1972,janeth0@adventure-works.com,540-555-0191,S,Janeth Esteves,540-555-0191,0,F,1,10,81,60,1,0,Production,8/15/2008,NULL,Current
116,Marc,Ingle,J,8/16/2008,5/24/1986,marc0@adventure-works.com,234-555-0169,M,Marc Ingle,234-555-0169,0,M,1,9.5,22,31,1,0,Production,8/16/2008,NULL,Current
117,Gigi,Matthew,N,8/16/2008,8/21/1978,gigi0@adventure-works.com,185-555-0186,M,Gigi Matthew,185-555-0186,1,F,2,40.8654,63,51,1,0,Research and Development,8/16/2008,NULL,Current
118,Paul,Singh,R,8/17/2008,6/4/1990,paul1@adventure-works.com,727-555-0112,M,Paul Singh,727-555-0112,0,M,1,14,6,23,1,0,Production,8/17/2008,NULL,Current
119,Frank,Lee,T,8/17/2008,4/6/1987,frank0@adventure-works.com,158-555-0191,M,Frank Lee,158-555-0191,0,M,1,15,56,48,1,0,Production,8/17/2008,NULL,Current
120,François,Ajenstat,P,8/17/2008,6/13/1980,françois0@adventure-works.com,785-555-0110,S,François Ajenstat,785-555-0110,1,M,2,38.4615,67,53,1,0,Information Services,8/17/2008,NULL,Current
121,Diane,Tibbott,H,8/18/2008,3/9/1989,diane2@adventure-works.com,361-555-0180,S,Diane Tibbott,361-555-0180,0,F,1,11,8,24,1,0,Production,8/18/2008,NULL,Current
122,Jill,Williams,A,8/18/2008,1/16/1979,jill0@adventure-works.com,510-555-0121,M,Jill Williams,510-555-0121,0,F,2,14.4231,47,43,1,0,Marketing,8/18/2008,NULL,Current
123,Angela,Barbariol,W,8/20/2008,12/29/1990,angela0@adventure-works.com,150-555-0194,S,Angela Barbariol,150-555-0194,0,F,1,11,92,66,1,0,Production,8/20/2008,NULL,Current
124,Matthias,Berndt,T,8/20/2008,6/11/1973,matthias0@adventure-works.com,139-555-0120,M,Matthias Berndt,139-555-0120,0,M,2,9.5,94,67,1,0,Shipping and Receiving,8/20/2008,NULL,Current
125,Bryan,Baker,NULL,8/21/2008,3/27/1973,bryan0@adventure-works.com,712-555-0113,S,Bryan Baker,712-555-0113,0,M,1,12.45,35,37,1,0,Production,8/21/2008,NULL,Current
126,Jeff,Hay,V,8/21/2008,8/15/1976,jeff0@adventure-works.com,350-555-0167,M,Jeff Hay,350-555-0167,0,M,2,25,74,57,1,0,Production,8/21/2008,NULL,Current
127,Eugene,Zabokritski,R,8/21/2008,2/12/1987,eugene0@adventure-works.com,241-555-0191,S,Eugene Zabokritski,241-555-0191,0,M,1,9.5,33,36,1,0,Production,8/21/2008,NULL,Current
128,Barbara,Decker,S,8/22/2008,7/29/1984,barbara0@adventure-works.com,119-555-0192,M,Barbara Decker,119-555-0192,0,F,1,14,17,28,1,0,Production,8/22/2008,NULL,Current
129,Chris,Preston,T,8/22/2008,7/16/1988,chris0@adventure-works.com,200-555-0112,M,Chris Preston,200-555-0112,0,M,1,10,76,58,1,0,Production,8/22/2008,NULL,Current
130,Sean,Chai,N,8/22/2008,10/10/1986,sean1@adventure-works.com,205-555-0132,S,Sean Chai,205-555-0132,0,M,2,10.25,78,59,1,0,Document Control,8/22/2008,NULL,Current
131,Dan,Wilson,B,8/22/2008,8/6/1975,dan1@adventure-works.com,653-555-0144,M,Dan Wilson,653-555-0144,1,M,2,38.4615,66,53,1,0,Information Services,8/22/2008,NULL,Current
132,Mark,McArthur,K,8/23/2008,4/25/1979,mark1@adventure-works.com,417-555-0154,S,Mark McArthur,417-555-0154,0,M,1,12.45,19,29,1,0,Production,8/23/2008,NULL,Current
133,Bryan,Walton,A,8/24/2008,4/20/1984,bryan1@adventure-works.com,935-555-0199,S,Bryan Walton,935-555-0199,0,M,2,19,62,51,1,0,Finance,8/24/2008,NULL,Current
134,Houman,Pournasseh,N,8/25/2008,3/30/1971,houman0@adventure-works.com,180-555-0136,M,Houman Pournasseh,180-555-0136,0,M,1,11,3,21,1,0,Production,8/25/2008,NULL,Current
135,Sairaj,Uddin,L,8/26/2008,7/22/1987,sairaj0@adventure-works.com,500-555-0159,M,Sairaj Uddin,500-555-0159,0,M,2,16,46,43,1,0,Production Control,8/26/2008,NULL,Current
136,Michiko,Osada,F,8/26/2008,1/25/1982,michiko0@adventure-works.com,984-555-0148,S,Michiko Osada,984-555-0148,0,M,1,9.5,44,42,1,0,Production,8/26/2008,NULL,Current
137,Benjamin,Martin,R,8/27/2008,8/5/1985,benjamin0@adventure-works.com,533-555-0111,S,Benjamin Martin,533-555-0111,0,M,1,9.5,28,34,1,0,Production,8/27/2008,NULL,Current
138,Cynthia,Randall,S,8/27/2008,3/18/1981,cynthia0@adventure-works.com,352-555-0138,S,Cynthia Randall,352-555-0138,0,F,2,25,69,54,1,0,Production,8/27/2008,NULL,Current
139,Kathie,Flood,E,8/27/2008,6/1/1990,kathie0@adventure-works.com,446-555-0118,M,Kathie Flood,446-555-0118,0,F,1,10,87,63,1,0,Production,8/27/2008,NULL,Current
140,Britta,Simon,L,8/29/2008,4/28/1989,britta0@adventure-works.com,955-555-0169,M,Britta Simon,955-555-0169,0,F,1,12.45,14,27,1,0,Production,8/29/2008,NULL,Current
141,Brian,Lloyd,T,8/29/2008,9/10/1976,brian0@adventure-works.com,110-555-0182,S,Brian Lloyd,110-555-0182,0,M,1,15,55,47,1,0,Production,8/29/2008,NULL,Current
142,David,Liu,J,8/30/2008,2/5/1983,david6@adventure-works.com,646-555-0185,M,David Liu,646-555-0185,1,M,2,34.7356,57,48,1,0,Finance,8/30/2008,NULL,Current
143,Laura,Norman,F,8/31/2008,8/6/1975,laura1@adventure-works.com,615-555-0110,M,Laura Norman,615-555-0110,1,F,2,60.0962,0,20,1,0,Executive,8/31/2008,6/13/2013,NULL
144,Laura,Norman,F,8/31/2008,8/6/1975,laura1@adventure-works.com,615-555-0110,M,Laura Norman,615-555-0110,1,F,2,60.0962,0,20,1,0,Executive,6/13/2013,NULL,Current
145,Michael,Patten,W,8/31/2008,12/1/1973,michael2@adventure-works.com,441-555-0195,S,Michael Patten,441-555-0195,0,M,1,11,98,69,1,0,Production,8/31/2008,NULL,Current
146,Andy,Ruth,M,8/31/2008,5/20/1983,andy0@adventure-works.com,118-555-0110,M,Andy Ruth,118-555-0110,0,M,1,9.5,39,39,1,0,Production,8/31/2008,NULL,Current
147,Yuhong,Li,L,9/1/2008,11/4/1976,yuhong0@adventure-works.com,965-555-0155,M,Yuhong Li,965-555-0155,0,M,2,25,41,40,1,0,Production,9/1/2008,NULL,Current
148,Robert,Rounthwaite,J,9/2/2008,9/28/1984,robert0@adventure-works.com,589-555-0147,S,Robert Rounthwaite,589-555-0147,0,M,1,10,82,61,1,0,Production,9/2/2008,NULL,Current
149,Andreas,Berglund,T,9/2/2008,10/26/1988,andreas0@adventure-works.com,181-555-0124,M,Andreas Berglund,181-555-0124,0,M,2,10.5769,84,62,1,0,Quality Assurance,9/2/2008,NULL,Current
150,Reed,Koch,T,9/2/2008,8/8/1988,reed0@adventure-works.com,678-555-0110,M,Reed Koch,678-555-0110,0,M,1,9.5,23,31,1,0,Production,9/2/2008,NULL,Current
151,Linda,Randall,A,9/3/2008,5/5/1977,linda1@adventure-works.com,696-555-0157,S,Linda Randall,696-555-0157,0,F,1,14,12,26,1,0,Production,9/3/2008,NULL,Current
152,James,Hamilton,R,9/3/2008,2/4/1988,james1@adventure-works.com,870-555-0122,S,James Hamilton,870-555-0122,1,M,2,84.1346,64,52,1,0,Production,9/3/2008,NULL,Current
153,Ramesh,Meyyappan,V,9/3/2008,10/12/1987,ramesh0@adventure-works.com,182-555-0134,S,Ramesh Meyyappan,182-555-0134,1,M,2,27.4038,73,56,1,0,Information Services,9/3/2008,NULL,Current
154,Stephanie,Conroy,A,9/4/2008,10/24/1983,stephanie0@adventure-works.com,594-555-0110,S,Stephanie Conroy,594-555-0110,1,F,2,39.6635,68,54,1,0,Information Services,9/4/2008,NULL,Current
155,Samantha,Smith,H,9/4/2008,6/22/1987,samantha0@adventure-works.com,587-555-0114,M,Samantha Smith,587-555-0114,0,F,1,14,7,23,1,0,Production,9/4/2008,NULL,Current
156,Tawana,Nusbaum,G,9/5/2008,6/10/1989,tawana0@adventure-works.com,368-555-0113,S,Tawana Nusbaum,368-555-0113,0,M,1,15,50,45,1,0,Production,9/5/2008,NULL,Current
157,Denise,Smith,H,9/5/2008,2/4/1988,denise0@adventure-works.com,869-555-0119,M,Denise Smith,869-555-0119,0,F,1,11,9,24,1,0,Production,9/5/2008,NULL,Current
158,Hao,Chen,O,9/6/2008,11/15/1976,hao0@adventure-works.com,806-555-0136,S,Hao Chen,806-555-0136,0,M,2,13.9423,52,46,1,0,Human Resources,9/6/2008,NULL,Current
159,Alex,Nayberg,M,9/8/2008,11/11/1989,alex0@adventure-works.com,819-555-0198,M,Alex Nayberg,819-555-0198,0,M,1,10,77,58,1,0,Production,9/8/2008,NULL,Current
160,Eugene,Kogan,O,9/8/2008,9/10/1975,eugene1@adventure-works.com,173-555-0179,S,Eugene Kogan,173-555-0179,0,M,1,12.45,36,38,1,0,Production,9/8/2008,NULL,Current
161,Brandon,Heidepriem,G,9/8/2008,8/10/1976,brandon0@adventure-works.com,429-555-0137,M,Brandon Heidepriem,429-555-0137,0,M,1,12.45,22,31,1,0,Production,9/8/2008,NULL,Current
162,Dylan,Miller,A,9/8/2008,9/24/1986,dylan0@adventure-works.com,181-555-0156,M,Dylan Miller,181-555-0156,1,M,2,50.4808,61,50,1,0,Research and Development,9/8/2008,NULL,Current
163,Shane,Kim,S,9/8/2008,12/22/1989,shane0@adventure-works.com,810-555-0178,S,Shane Kim,810-555-0178,0,M,2,25,75,57,1,0,Production,9/8/2008,NULL,Current
164,John,Chen,Y,9/9/2008,11/3/1985,john2@adventure-works.com,201-555-0163,M,John Chen,201-555-0163,0,M,1,14,18,29,1,0,Production,9/9/2008,NULL,Current
165,Karen,Berge,R,9/9/2008,7/25/1975,karen0@adventure-works.com,746-555-0164,M,Karen Berge,746-555-0164,0,F,2,10.25,79,59,1,0,Document Control,9/9/2008,NULL,Current
166,Jose,Lugo,R,9/10/2008,2/29/1984,jose0@adventure-works.com,587-555-0115,M,Jose Lugo,587-555-0115,0,M,1,12.45,20,30,1,0,Production,9/10/2008,NULL,Current
167,Mandar,Samant,H,9/10/2008,10/19/1985,mandar0@adventure-works.com,140-555-0132,S,Mandar Samant,140-555-0132,0,M,1,11,0,20,1,0,Production,9/10/2008,NULL,Current
168,Mikael,Sandberg,Q,9/10/2008,3/17/1984,mikael0@adventure-works.com,309-555-0170,S,Mikael Sandberg,309-555-0170,0,M,2,18.2692,59,49,1,0,Purchasing,9/10/2008,NULL,Current
169,Sameer,Tejani,A,9/11/2008,1/24/1978,sameer0@adventure-works.com,990-555-0172,M,Sameer Tejani,990-555-0172,0,M,1,11,4,22,1,0,Production,9/11/2008,NULL,Current
170,Dragan,Tomic,K,9/11/2008,9/14/1976,dragan0@adventure-works.com,117-555-0185,M,Dragan Tomic,117-555-0185,0,M,2,19,63,51,1,0,Finance,9/11/2008,NULL,Current
171,Carol,Philips,M,9/12/2008,5/17/1988,carol0@adventure-works.com,609-555-0153,M,Carol Philips,609-555-0153,0,F,1,9.5,45,42,1,0,Production,9/12/2008,NULL,Current
172,Rob,Caron,T,9/13/2008,3/4/1973,rob1@adventure-works.com,238-555-0116,S,Rob Caron,238-555-0116,0,M,1,15,71,55,1,0,Production,9/13/2008,NULL,Current
173,Don,Hall,L,9/13/2008,1/11/1971,don0@adventure-works.com,100-555-0174,M,Don Hall,100-555-0174,0,M,1,11,88,64,1,0,Production,9/13/2008,NULL,Current
174,Alan,Brewer,J,9/13/2008,10/28/1983,alan0@adventure-works.com,438-555-0172,M,Alan Brewer,438-555-0172,0,M,2,16,47,43,1,0,Production Control,9/13/2008,NULL,Current
175,David,Lawrence,Oliver,9/14/2008,4/23/1985,david7@adventure-works.com,118-555-0177,M,David Lawrence,118-555-0177,0,M,1,9.5,29,34,1,0,Production,9/14/2008,NULL,Current
176,Baris,Cetinok,F,9/15/2008,5/7/1990,baris0@adventure-works.com,164-555-0114,S,Baris Cetinok,164-555-0114,0,M,1,15,72,56,1,0,Production,9/15/2008,NULL,Current
177,Michael,Ray,Sean,9/15/2008,8/29/1988,michael3@adventure-works.com,156-555-0199,S,Michael Ray,156-555-0199,0,M,2,25,70,55,1,0,Production,9/15/2008,NULL,Current
178,Steve,Masters,F,9/15/2008,11/4/1990,steve0@adventure-works.com,712-555-0170,S,Steve Masters,712-555-0170,0,M,1,12.45,31,35,1,0,Production,9/15/2008,NULL,Current
179,Suchitra,Mohan,O,9/16/2008,1/8/1987,suchitra0@adventure-works.com,753-555-0129,M,Suchitra Mohan,753-555-0129,0,F,1,12.45,15,27,1,0,Production,9/16/2008,NULL,Current
180,Karen,Berg,A,9/16/2008,12/17/1977,karen1@adventure-works.com,654-555-0177,S,Karen Berg,654-555-0177,1,F,2,27.4038,74,57,1,0,Information Services,9/16/2008,NULL,Current
181,Terrence,Earls,W,9/16/2008,7/8/1984,terrence0@adventure-works.com,110-555-0115,S,Terrence Earls,110-555-0115,0,M,1,14,13,26,1,0,Production,9/16/2008,NULL,Current
182,Barbara,Moreland,C,9/18/2008,8/4/1975,barbara1@adventure-works.com,822-555-0145,M,Barbara Moreland,822-555-0145,1,F,2,26.4423,58,49,1,0,Finance,9/18/2008,NULL,Current
183,Chad,Niswonger,W,9/18/2008,3/4/1990,chad0@adventure-works.com,559-555-0175,M,Chad Niswonger,559-555-0175,0,M,1,11,99,69,1,0,Production,9/18/2008,NULL,Current
184,Rostislav,Shabalin,E,9/19/2008,4/13/1977,rostislav0@adventure-works.com,751-555-0134,M,Rostislav Shabalin,751-555-0134,0,M,1,9.5,40,40,1,0,Production,9/19/2008,NULL,Current
185,Belinda,Newman,M,9/20/2008,10/15/1974,belinda0@adventure-works.com,319-555-0126,S,Belinda Newman,319-555-0126,0,F,1,10,83,61,1,0,Production,9/20/2008,NULL,Current
186,Katie,McAskill-White,L,9/20/2008,6/18/1984,katie0@adventure-works.com,809-555-0133,S,Katie McAskill-White,809-555-0133,0,F,2,25,42,41,1,0,Production,9/20/2008,NULL,Current
187,Russell,King,M,9/21/2008,9/11/1981,russell1@adventure-works.com,517-555-0122,M,Russell King,517-555-0122,0,M,1,9.5,24,32,1,0,Production,9/21/2008,NULL,Current
188,Jack,Richins,S,9/21/2008,1/20/1983,jack0@adventure-works.com,552-555-0111,S,Jack Richins,552-555-0111,0,M,2,25,68,54,1,0,Production,9/21/2008,NULL,Current
189,Andrew,Hill,R,9/22/2008,4/6/1988,andrew0@adventure-works.com,908-555-0159,S,Andrew Hill,908-555-0159,0,M,2,25,65,52,1,0,Production,9/22/2008,NULL,Current
190,Nicole,Holliday,B,9/22/2008,11/7/1985,nicole0@adventure-works.com,508-555-0129,M,Nicole Holliday,508-555-0129,0,F,1,15,67,53,1,0,Production,9/22/2008,NULL,Current
191,Frank,Miller,T,9/23/2008,2/21/1971,frank1@adventure-works.com,167-555-0139,S,Frank Miller,167-555-0139,0,M,1,11,10,25,1,0,Production,9/23/2008,NULL,Current
192,Peter,Connelly,I,9/23/2008,12/27/1979,peter1@adventure-works.com,310-555-0133,S,Peter Connelly,310-555-0133,0,M,2,32.4519,69,54,1,0,Information Services,9/23/2008,NULL,Current
193,Anibal,Sousa,T,9/23/2008,4/5/1974,anibal0@adventure-works.com,106-555-0120,S,Anibal Sousa,106-555-0120,0,F,1,14,8,24,1,0,Production,9/23/2008,NULL,Current
194,Ken,Myer,L,9/24/2008,12/26/1980,ken1@adventure-works.com,949-555-0174,M,Ken Myer,949-555-0174,0,M,1,15,51,45,1,0,Production,9/24/2008,NULL,Current
195,Grant,Culbertson,N,9/25/2008,11/15/1975,grant0@adventure-works.com,955-555-0131,S,Grant Culbertson,955-555-0131,0,M,2,13.9423,53,46,1,0,Human Resources,9/25/2008,NULL,Current
196,Michael,Entin,T,9/25/2008,1/13/1989,michael4@adventure-works.com,817-555-0186,S,Michael Entin,817-555-0186,0,M,1,11,94,67,1,0,Production,9/25/2008,NULL,Current
197,Lionel,Penuchot,C,9/26/2008,10/13/1987,lionel0@adventure-works.com,450-555-0152,S,Lionel Penuchot,450-555-0152,0,M,1,10,78,59,1,0,Production,9/26/2008,NULL,Current
198,Thomas,Michaels,R,9/26/2008,8/10/1985,thomas0@adventure-works.com,278-555-0118,M,Thomas Michaels,278-555-0118,0,M,1,12.45,37,38,1,0,Production,9/26/2008,NULL,Current
199,Jimmy,Bischoff,T,9/26/2008,6/1/1990,jimmy0@adventure-works.com,927-555-0168,M,Jimmy Bischoff,927-555-0168,0,M,1,9,96,68,1,0,Shipping and Receiving,9/26/2008,NULL,Current
200,Michael,Vanderhyde,T,9/26/2008,4/18/1982,michael5@adventure-works.com,296-555-0121,M,Michael Vanderhyde,296-555-0121,0,M,1,9.5,35,37,1,0,Production,9/26/2008,NULL,Current
201,Lori,Kane,A,9/26/2008,2/16/1980,lori0@adventure-works.com,289-555-0196,S,Lori Kane,289-555-0196,0,F,2,25,76,58,1,0,Production,9/26/2008,NULL,Current
202,Arvind,Rao,B,9/28/2008,3/21/1974,arvind0@adventure-works.com,848-555-0163,M,Arvind Rao,848-555-0163,0,M,2,18.2692,60,50,1,0,Purchasing,9/28/2008,NULL,Current
203,Stefen,Hesse,A,9/28/2008,7/21/1975,stefen0@adventure-works.com,165-555-0113,S,Stefen Hesse,165-555-0113,0,M,1,14,19,29,1,0,Production,9/28/2008,NULL,Current
204,Hazem,Abolrous,E,9/28/2008,5/26/1977,hazem0@adventure-works.com,869-555-0125,S,Hazem Abolrous,869-555-0125,1,M,2,28.8462,80,60,1,0,Quality Assurance,9/28/2008,NULL,Current
205,Janet,Sheperdigian,L,9/29/2008,10/7/1978,janet0@adventure-works.com,393-555-0186,M,Janet Sheperdigian,393-555-0186,0,F,2,19,64,52,1,0,Finance,9/29/2008,NULL,Current
206,Elizabeth,Keyser,I,9/30/2008,8/25/1989,elizabeth0@adventure-works.com,318-555-0137,M,Elizabeth Keyser,318-555-0137,0,F,1,11,5,22,1,0,Production,9/30/2008,NULL,Current
207,Terry,Eminhizer,J,9/30/2008,9/4/1985,terry0@adventure-works.com,138-555-0118,M,Terry Eminhizer,138-555-0118,0,M,2,14.4231,44,42,1,0,Marketing,9/30/2008,NULL,Current
208,John,Frum,N,10/1/2008,10/22/1981,john3@adventure-works.com,663-555-0172,S,John Frum,663-555-0172,0,M,1,9.5,27,33,1,0,Production,10/1/2008,NULL,Current
209,Merav,Netz,A,10/1/2008,12/11/1982,merav0@adventure-works.com,224-555-0187,M,Merav Netz,224-555-0187,0,F,1,9.5,46,43,1,0,Production,10/1/2008,NULL,Current
210,Brian,LaMee,P,10/1/2008,3/11/1984,brian1@adventure-works.com,313-555-0196,M,Brian LaMee,313-555-0196,0,M,2,16,48,44,1,0,Production Control,10/1/2008,NULL,Current
211,Kitti,Lertpiriyasuwat,H,10/2/2008,1/4/1987,kitti0@adventure-works.com,785-555-0132,S,Kitti Lertpiriyasuwat,785-555-0132,0,F,1,11,89,64,1,0,Production,10/2/2008,NULL,Current
212,Jay,Adams,G,10/3/2008,9/11/1975,jay0@adventure-works.com,407-555-0165,S,Jay Adams,407-555-0165,0,M,1,12.45,32,36,1,0,Production,10/3/2008,NULL,Current
213,Jan,Miksovsky,S,10/3/2008,6/15/1974,jan0@adventure-works.com,139-555-0131,S,Jan Miksovsky,139-555-0131,0,M,1,9.5,30,35,1,0,Production,10/3/2008,NULL,Current
214,Brenda,Diaz,M,10/3/2008,9/28/1982,brenda0@adventure-works.com,142-555-0139,M,Brenda Diaz,142-555-0139,0,F,2,25,71,55,1,0,Production,10/3/2008,NULL,Current
215,Andrew,Cencini,M,10/4/2008,4/24/1988,andrew1@adventure-works.com,207-555-0192,S,Andrew Cencini,207-555-0192,0,M,1,10,73,56,1,0,Production,10/4/2008,NULL,Current
216,Chris,Norred,K,10/4/2008,12/24/1986,chris1@adventure-works.com,575-555-0126,M,Chris Norred,575-555-0126,0,M,2,16.8269,75,57,1,0,Document Control,10/4/2008,NULL,Current
217,Chris,Okelberry,O,10/5/2008,3/7/1986,chris2@adventure-works.com,315-555-0144,S,Chris Okelberry,315-555-0144,0,M,1,12.45,16,28,1,0,Production,10/5/2008,NULL,Current
218,Shelley,Dyck,N,10/5/2008,7/8/1986,shelley0@adventure-works.com,991-555-0184,S,Shelley Dyck,991-555-0184,0,F,1,14,14,27,1,0,Production,10/5/2008,NULL,Current
219,Gabe,Mares,B,10/6/2008,12/9/1987,gabe0@adventure-works.com,310-555-0117,M,Gabe Mares,310-555-0117,0,M,1,15,57,48,1,0,Production,10/6/2008,NULL,Current
220,Mike,Seamans,K,10/6/2008,1/29/1979,mike0@adventure-works.com,927-555-0150,S,Mike Seamans,927-555-0150,1,M,2,26.4423,59,49,1,0,Finance,10/6/2008,NULL,Current
221,Michael,Raheem,NULL,12/1/2008,6/30/1984,michael6@adventure-works.com,330-555-2568,M,Michael Raheem,330-555-2568,1,M,2,42.4808,16,64,1,0,Research and Development,12/1/2008,NULL,Current
222,Gary,Altman,E.,7/2/2009,9/18/1970,gary1@adventure-works.com,110-555-0112,M,Gary Altman,110-555-0112,1,M,2,24.0385,86,63,1,0,Facilities and Maintenance,7/2/2009,NULL,Current
223,Charles,Fitzgerald,B,7/3/2009,4/2/1971,charles0@adventure-works.com,931-555-0118,S,Charles Fitzgerald,931-555-0118,0,M,1,12.45,27,33,1,0,Production,7/3/2009,NULL,Current
224,Ebru,Ersan,N,7/6/2009,4/22/1986,ebru0@adventure-works.com,202-555-0187,S,Ebru Ersan,202-555-0187,0,M,1,13.45,93,66,1,0,Production,7/6/2009,NULL,Current
225,Sylvester,Valdez,A,7/11/2009,6/12/1970,sylvester0@adventure-works.com,492-555-0174,M,Sylvester Valdez,492-555-0174,0,M,1,14,4,22,1,0,Production,7/11/2009,NULL,Current
226,Brian,Goldstein,Richard,7/11/2009,7/23/1970,brian2@adventure-works.com,730-555-0117,S,Brian Goldstein,730-555-0117,0,M,1,15,63,51,1,0,Production,7/11/2009,NULL,Current
227,Linda,Meisner,P,7/17/2009,6/30/1970,linda2@adventure-works.com,916-555-0165,M,Linda Meisner,916-555-0165,0,F,2,18.2692,56,48,1,0,Purchasing,7/17/2009,NULL,Current
228,Betsy,Stadick,A,7/18/2009,7/17/1942,betsy0@adventure-works.com,405-555-0171,S,Betsy Stadick,405-555-0171,0,F,1,13.45,99,69,1,0,Production,7/18/2009,NULL,Current
229,Magnus,Hedlund,E,7/21/2009,3/27/1971,magnus0@adventure-works.com,583-555-0182,M,Magnus Hedlund,583-555-0182,0,M,2,9.75,87,63,1,0,Facilities and Maintenance,7/21/2009,NULL,Current
230,Karan,Khanna,R,7/22/2009,10/5/1969,karan0@adventure-works.com,447-555-0186,S,Karan Khanna,447-555-0186,0,M,1,12.45,28,34,1,0,Production,7/22/2009,NULL,Current
231,Mary,Baker,R,7/25/2009,4/19/1986,mary1@adventure-works.com,283-555-0185,M,Mary Baker,283-555-0185,0,F,1,13.45,94,67,1,0,Production,7/25/2009,NULL,Current
232,Kevin,Homer,M,7/25/2009,4/19/1986,kevin2@adventure-works.com,555-555-0113,S,Kevin Homer,555-555-0113,0,M,1,13.45,90,65,1,0,Production,7/25/2009,NULL,Current
233,Mihail,Frintu,U,7/29/2009,10/7/1970,mihail0@adventure-works.com,733-555-0128,S,Mihail Frintu,733-555-0128,0,M,1,15,64,52,1,0,Production,7/29/2009,NULL,Current
234,Bonnie,Kearney,N,8/1/2009,4/10/1986,bonnie0@adventure-works.com,264-555-0150,M,Bonnie Kearney,264-555-0150,0,F,1,13.45,89,64,1,0,Production,8/1/2009,NULL,Current
235,Fukiko,Ogisu,J,8/4/2009,6/24/1970,fukiko0@adventure-works.com,520-555-0177,M,Fukiko Ogisu,520-555-0177,0,M,2,18.2692,57,48,1,0,Purchasing,8/4/2009,NULL,Current
236,Hung-Fu,Ting,T,8/6/2009,5/23/1971,hung-fu0@adventure-works.com,497-555-0181,S,Hung-Fu Ting,497-555-0181,0,M,1,14,0,20,1,0,Production,8/6/2009,NULL,Current
237,Gordon,Hee,L,8/11/2009,6/29/1942,gordon0@adventure-works.com,230-555-0144,M,Gordon Hee,230-555-0144,0,M,2,18.2692,52,46,1,0,Purchasing,8/11/2009,NULL,Current
238,Kimberly,Zimmerman,B,8/12/2009,4/13/1986,kimberly0@adventure-works.com,123-555-0167,S,Kimberly Zimmerman,123-555-0167,0,F,1,13.45,95,67,1,0,Production,8/12/2009,NULL,Current
239,Kim,Abercrombie,B,8/16/2009,7/14/1942,kim1@adventure-works.com,208-555-0114,M,Kim Abercrombie,208-555-0114,0,F,1,12.45,24,32,1,0,Production,8/16/2009,NULL,Current
240,Sandeep,Kaliyath,P,8/17/2009,7/3/1970,sandeep0@adventure-works.com,166-555-0156,S,Sandeep Kaliyath,166-555-0156,0,M,1,15,65,52,1,0,Production,8/17/2009,NULL,Current
241,Prasanna,Samarawickrama,E,8/22/2009,11/28/1952,prasanna0@adventure-works.com,129-555-0199,M,Prasanna Samarawickrama,129-555-0199,0,M,1,14,5,22,1,0,Production,8/22/2009,NULL,Current
242,Frank,Pellow,S,8/23/2009,12/11/1951,frank2@adventure-works.com,163-555-0147,M,Frank Pellow,163-555-0147,0,M,2,18.2692,58,49,1,0,Purchasing,8/23/2009,NULL,Current
243,Min,Su,G,8/24/2009,4/10/1974,min0@adventure-works.com,590-555-0152,M,Min Su,590-555-0152,0,M,1,14,1,20,1,0,Production,8/24/2009,NULL,Current
244,Eric,Brown,L,8/24/2009,7/8/1942,eric1@adventure-works.com,680-555-0118,M,Eric Brown,680-555-0118,0,M,1,15,60,50,1,0,Production,8/24/2009,NULL,Current
245,Eric,Kurjan,S,8/27/2009,4/17/1972,eric2@adventure-works.com,265-555-0195,S,Eric Kurjan,265-555-0195,0,M,2,18.2692,54,47,1,0,Purchasing,8/27/2009,NULL,Current
246,Pat,Coleman,H,8/27/2009,7/3/1970,pat0@adventure-works.com,720-555-0158,S,Pat Coleman,720-555-0158,0,M,1,9.25,89,64,1,0,Facilities and Maintenance,8/27/2009,NULL,Current
247,Maciej,Dusza,W,8/29/2009,8/30/1954,maciej0@adventure-works.com,237-555-0128,S,Maciej Dusza,237-555-0128,0,M,1,12.45,30,35,1,0,Production,8/29/2009,NULL,Current
248,Erin,Hagens,M,8/31/2009,8/4/1970,erin0@adventure-works.com,842-555-0158,S,Erin Hagens,842-555-0158,0,F,2,18.2692,53,46,1,0,Purchasing,8/31/2009,NULL,Current
249,Patrick,Wedge,C,9/1/2009,4/10/1986,patrick0@adventure-works.com,413-555-0124,S,Patrick Wedge,413-555-0124,0,M,1,13.45,96,68,1,0,Production,9/1/2009,NULL,Current
250,Frank,Martinez,R,9/5/2009,10/1/1951,frank3@adventure-works.com,203-555-0196,M,Frank Martinez,203-555-0196,0,M,1,15,66,53,1,0,Production,9/5/2009,NULL,Current
251,Ed,Dudenhoefer,R,9/5/2009,4/11/1971,ed0@adventure-works.com,919-555-0140,S,Ed Dudenhoefer,919-555-0140,0,M,1,12.45,25,32,1,0,Production,9/5/2009,NULL,Current
252,Christopher,Hill,E,9/8/2009,5/1/1986,christopher0@adventure-works.com,153-555-0166,M,Christopher Hill,153-555-0166,0,M,1,13.45,91,65,1,0,Production,9/8/2009,NULL,Current
253,Patrick,Cook,M,9/12/2009,7/23/1973,patrick1@adventure-works.com,425-555-0117,M,Patrick Cook,425-555-0117,0,M,1,15,61,50,1,0,Production,9/12/2009,NULL,Current
254,Krishna,Sunkammurali,NULL,9/13/2009,4/5/1971,krishna0@adventure-works.com,491-555-0183,S,Krishna Sunkammurali,491-555-0183,0,M,1,14,2,21,1,0,Production,9/13/2009,NULL,Current
255,Lori,Penor,K,9/16/2009,2/28/1970,lori1@adventure-works.com,295-555-0161,M,Lori Penor,295-555-0161,0,F,1,9.25,90,65,1,0,Facilities and Maintenance,9/16/2009,NULL,Current
256,Danielle,Tiedt,C,9/20/2009,4/7/1986,danielle0@adventure-works.com,500-555-0172,S,Danielle Tiedt,500-555-0172,0,F,1,13.45,97,68,1,0,Production,9/20/2009,NULL,Current
257,Sootha,Charncherngkha,T,9/23/2009,7/5/1942,sootha0@adventure-works.com,325-555-0137,M,Sootha Charncherngkha,325-555-0137,0,M,2,10.5769,85,62,1,0,Quality Assurance,9/23/2009,NULL,Current
258,Michael,Zwilling,J,9/23/2009,4/5/1973,michael7@adventure-works.com,582-555-0148,S,Michael Zwilling,582-555-0148,0,M,1,12.45,26,33,1,0,Production,9/23/2009,NULL,Current
259,Randy,Reeves,T,9/23/2009,11/26/1969,randy0@adventure-works.com,961-555-0122,M,Randy Reeves,961-555-0122,0,M,1,12.45,29,34,1,0,Production,9/23/2009,NULL,Current
260,John,Kane,T,9/27/2009,4/28/1986,john4@adventure-works.com,254-555-0114,S,John Kane,254-555-0114,0,M,1,13.45,92,66,1,0,Production,9/27/2009,NULL,Current
261,Jack,Creasey,T,10/1/2009,3/29/1973,jack1@adventure-works.com,521-555-0113,S,Jack Creasey,521-555-0113,0,M,1,15,62,51,1,0,Production,10/1/2009,NULL,Current
262,Olinda,Turner,C,10/2/2009,11/2/1969,olinda0@adventure-works.com,306-555-0186,S,Olinda Turner,306-555-0186,0,F,1,14,3,21,1,0,Production,10/2/2009,NULL,Current
263,Stuart,Macrae,J,10/3/2009,7/17/1971,stuart1@adventure-works.com,539-555-0149,M,Stuart Macrae,539-555-0149,0,M,1,9.25,88,64,1,0,Facilities and Maintenance,10/3/2009,NULL,Current
264,Jo,Berry,L,10/5/2009,11/22/1953,jo1@adventure-works.com,228-555-0159,M,Jo Berry,228-555-0159,0,F,1,9.25,91,65,1,0,Facilities and Maintenance,10/5/2009,NULL,Current
265,Ben,Miller,T,10/7/2009,1/1/1973,ben0@adventure-works.com,151-555-0113,M,Ben Miller,151-555-0113,0,M,2,18.2692,55,47,1,0,Purchasing,10/7/2009,NULL,Current
266,Tom,Vande Velde,M,10/8/2009,5/1/1986,tom0@adventure-works.com,295-555-0161,M,Tom Vande Velde,295-555-0161,0,M,1,13.45,98,69,1,0,Production,10/8/2009,NULL,Current
267,Ovidiu,Cracium,V,7/5/2010,8/17/1977,ovidiu0@adventure-works.com,719-555-0181,S,Ovidiu Cracium,719-555-0181,0,M,2,28.8462,7,23,1,0,Tool Design,7/5/2010,NULL,Current
268,Annette,Hill,L,7/6/2010,8/29/1977,annette0@adventure-works.com,125-555-0196,M,Annette Hill,125-555-0196,0,F,2,12.75,50,45,1,0,Purchasing,7/6/2010,NULL,Current
269,Janice,Galvin,M,7/23/2010,12/26/1988,janice0@adventure-works.com,473-555-0117,M,Janice Galvin,473-555-0117,0,F,2,25,8,24,1,0,Tool Design,7/23/2010,NULL,Current
270,Reinout,Hillmann,N,7/25/2010,8/17/1977,reinout0@adventure-works.com,370-555-0163,M,Reinout Hillmann,370-555-0163,0,M,2,12.75,51,45,1,0,Purchasing,7/25/2010,NULL,Current
271,Michael,Sullivan,I,7/30/2010,1/14/1979,michael8@adventure-works.com,465-555-0156,S,Michael Sullivan,465-555-0156,1,M,2,36.0577,3,21,1,0,Engineering,7/30/2010,NULL,Current
272,Stephen,Jiang,Y,8/4/2010,5/17/1951,stephen0@adventure-works.com,238-555-0197,M,Stephen Jiang,238-555-0197,1,M,2,48.101,14,27,1,1,Sales,8/4/2010,NULL,Current
273,Wanida,Benshoof,M,8/7/2010,10/15/1974,wanida0@adventure-works.com,708-555-0141,M,Wanida Benshoof,708-555-0141,0,F,2,13.4615,41,40,1,0,Marketing,8/7/2010,NULL,Current
274,Sharon,Salavaria,B,8/18/2010,11/30/1960,sharon0@adventure-works.com,970-555-0138,M,Sharon Salavaria,970-555-0138,1,F,2,32.6923,4,22,1,0,Engineering,8/18/2010,NULL,Current
275,John,Wood,L,9/7/2010,10/4/1977,john5@adventure-works.com,486-555-0150,S,John Wood,486-555-0150,0,M,2,14.4231,48,44,1,0,Marketing,9/7/2010,NULL,Current
276,Mary,Dempsey,A,9/14/2010,8/29/1977,mary2@adventure-works.com,124-555-0114,S,Mary Dempsey,124-555-0114,0,F,2,13.4615,43,41,1,0,Marketing,9/14/2010,NULL,Current
277,Brian,Welcker,S,9/15/2010,1/4/1977,brian3@adventure-works.com,716-555-0127,S,Brian Welcker,716-555-0127,1,M,2,72.1154,10,25,1,0,Sales,9/15/2010,NULL,Current
278,Sheela,Word,H,9/25/2010,9/10/1977,sheela0@adventure-works.com,210-555-0193,S,Sheela Word,210-555-0193,1,F,2,30,49,44,1,0,Purchasing,9/25/2010,2/27/2011,NULL
279,Sheela,Word,H,9/25/2010,9/10/1977,sheela0@adventure-works.com,210-555-0193,S,Sheela Word,210-555-0193,1,F,2,30,49,44,1,0,Purchasing,2/28/2011,2/12/2012,NULL
280,Sheela,Word,H,9/25/2010,9/10/1977,sheela0@adventure-works.com,210-555-0193,S,Sheela Word,210-555-0193,1,F,2,30,49,44,1,0,Purchasing,2/13/2012,NULL,Current
281,Michael,Blythe,G,12/29/2010,7/25/1968,michael9@adventure-works.com,257-555-0154,S,Michael Blythe,257-555-0154,1,M,2,23.0769,38,39,1,1,Sales,12/29/2010,NULL,Current
282,Linda,Mitchell,C,12/29/2010,9/27/1979,linda3@adventure-works.com,883-555-0116,M,Linda Mitchell,883-555-0116,1,F,2,23.0769,27,33,1,1,Sales,12/29/2010,NULL,Current
283,Jillian,Carson,NULL,12/29/2010,3/29/1962,jillian0@adventure-works.com,517-555-0117,S,Jillian Carson,517-555-0117,1,F,2,23.0769,24,32,1,1,Sales,12/29/2010,NULL,Current
284,Garrett,Vargas,R,12/29/2010,9/4/1974,garrett1@adventure-works.com,922-555-0165,M,Garrett Vargas,922-555-0165,1,M,2,23.0769,33,36,1,1,Sales,12/29/2010,NULL,Current
285,Tsvi,Reiter,Michael,12/29/2010,8/18/1973,tsvi0@adventure-works.com,664-555-0112,M,Tsvi Reiter,664-555-0112,1,M,2,23.0769,29,34,1,1,Sales,12/29/2010,NULL,Current
286,Pamela,Ansman-Wolfe,O,12/29/2010,7/6/1974,pamela0@adventure-works.com,340-555-0193,S,Pamela Ansman-Wolfe,340-555-0193,1,F,2,23.0769,22,31,1,1,Sales,12/29/2010,NULL,Current
287,Shu,Ito,K,12/29/2010,10/8/1943,shu0@adventure-works.com,330-555-0120,M,Shu Ito,330-555-0120,1,M,2,23.0769,26,33,1,1,Sales,12/29/2010,NULL,Current
288,José,Saraiva,Edvaldo,12/29/2010,7/11/1939,josé1@adventure-works.com,185-555-0169,M,José Saraiva,185-555-0169,1,M,2,23.0769,31,35,1,1,Sales,12/29/2010,NULL,Current
289,David,Campbell,R,12/29/2010,9/11/1973,david8@adventure-works.com,740-555-0182,S,David Campbell,740-555-0182,1,M,2,23.0769,23,31,1,1,Sales,12/29/2010,NULL,Current
290,Amy,Alberts,E,11/15/2011,4/20/1957,amy0@adventure-works.com,775-555-0164,M,Amy Alberts,775-555-0164,1,F,2,48.101,21,30,1,1,Sales,11/15/2011,NULL,Current
291,Jae,Pak,B,12/29/2011,10/16/1967,jae0@adventure-works.com,1 (11) 500 555-0145,M,Jae Pak,1 (11) 500 555-0145,1,F,2,23.0769,37,38,1,1,Sales,12/29/2011,NULL,Current
292,Ranjit,Varkey Chudukatil,R,12/29/2011,4/30/1975,ranjit0@adventure-works.com,1 (11) 500 555-0117,S,Ranjit Varkey Chudukatil,1 (11) 500 555-0117,1,M,2,23.0769,34,37,1,1,Sales,12/29/2011,NULL,Current
293,Tete,Mensa-Annan,A,4/30/2012,8/5/1977,tete0@adventure-works.com,615-555-0153,M,Tete Mensa-Annan,615-555-0153,1,M,2,23.0769,39,39,1,1,Sales,4/30/2012,NULL,Current
294,Syed,Abbas,E,10/12/2012,8/11/1974,syed0@adventure-works.com,926-555-0182,M,Syed Abbas,926-555-0182,1,M,2,48.101,20,30,1,1,Sales,10/12/2012,NULL,Current
295,Rachel,Valdez,B,12/28/2012,2/6/1975,rachel0@adventure-works.com,1 (11) 500 555-0140,S,Rachel Valdez,1 (11) 500 555-0140,1,F,2,23.0769,35,37,1,1,Sales,12/28/2012,NULL,Current
296,Lynn,Tsoflias,N,12/28/2012,10/16/1970,lynn0@adventure-works.com,1 (11) 500 555-0190,S,Lynn Tsoflias,1 (11) 500 555-0190,1,F,2,23.0769,36,38,1,1,Sales,12/28/2012,NULL,Current
